,Title,Comments_Score,Comment_Text
0,"The Army is eyeing a personal hoverboard that can reach 10,000 feet",8381,what could possibly go wrong? Some green person that looks like a goblin wouldnt fly around throwing bombs at people
1,"The Army is eyeing a personal hoverboard that can reach 10,000 feet",1776,Should make those Army v Navy games a little more interesting
2,"The Army is eyeing a personal hoverboard that can reach 10,000 feet",1681,Damn. If it takes 40 hours of instruction to get licensed on a standard army vehicle I can't imagine how long it'll take for that
3,"The Army is eyeing a personal hoverboard that can reach 10,000 feet",782,"12-year army vet here.

Everyone gon die if they issue this."
4,"The Army is eyeing a personal hoverboard that can reach 10,000 feet",591,"What the hell is it's power source and prime mover though? I'd imagine that once you're two miles up, you don't have much left in a craft that small for covering distance and landing, but clearly someone sees potential."
5,"The Army is eyeing a personal hoverboard that can reach 10,000 feet",277,[deleted]
6,"The Army is eyeing a personal hoverboard that can reach 10,000 feet",238,"What's the total runtime?  more than 6 minutes?

Typical business insider clickbait trash. "
7,"The Army is eyeing a personal hoverboard that can reach 10,000 feet",138,Iâ€™ve been waiting for a hover board since I saw back to the future fur the first time.
8,"The Army is eyeing a personal hoverboard that can reach 10,000 feet",104,"Hello a year ago, how are you?"
9,"The Army is eyeing a personal hoverboard that can reach 10,000 feet",92,Glad my tax dollars are buying the real important things like rad as fuck hover boards and not stupid shit like universal health care. 
10,"The Army is eyeing a personal hoverboard that can reach 10,000 feet",75,And queue the Green Goblin jokes. 
11,"The Army is eyeing a personal hoverboard that can reach 10,000 feet",61,">Zapata, 37, is a former professional jet ski driver.

I'll take 'Jobs That Sound Imaginary' for $500. "
12,"The Army is eyeing a personal hoverboard that can reach 10,000 feet",26,Thatâ€™ll make some sweet target practice
13,"The Army is eyeing a personal hoverboard that can reach 10,000 feet",27,"Finally, a good countermeasure against Russiaâ€™s army of Spider-Men"
14,"The Army is eyeing a personal hoverboard that can reach 10,000 feet",23,I canâ€™t wait to see the risk assessment on this...
15,"The Army is eyeing a personal hoverboard that can reach 10,000 feet",21,"And it looks like I don't get to read about it, because they insist on cramming ads down your throat."
16,"The Army is eyeing a personal hoverboard that can reach 10,000 feet",13,Is 10k feet in the air hovering?
17,"The Army is eyeing a personal hoverboard that can reach 10,000 feet",14,"It's insanely loud, kinda slow and burns out in 10 minutes. No, they're not eyeing it. "
18,"The Army is eyeing a personal hoverboard that can reach 10,000 feet",12,"YES, rocketeers from red alert 2 are going to be real!!! :D"
19,"The Army is eyeing a personal hoverboard that can reach 10,000 feet",12,In about three years this will be all over r/whatcouldgowrong. 
20,"For $15,000, GrayKey box promises to crack iPhone passcodes for police",10712,"Step 1: Apple updated iOS.

Step 2: RIP $15k 

Step 3: Police department sues Graykey

Step 4...."
21,"For $15,000, GrayKey box promises to crack iPhone passcodes for police",1564,15 character password ... i think i'll be ok.
22,"For $15,000, GrayKey box promises to crack iPhone passcodes for police",1546,"There is an easy defence, have an at least 12 character password. 

Not 6 digit passcode.

They are using exploit, but in addition to that they are relying on victims having laughably short passcodes. As soon as you bypass the limit on number of tries 6 digits is nothing.

Edit:

According to the article 6 digit passcode can take up to 3 days, so 12 character password would take probably over decades.

I did a quick test on password strenght tester, and 6 digit passcode gives typically 10 bits of entropy. While 12 char gives around 45 bits.

So 12 char password takes 105553116263424 days longer. Which means that my estimate about years or decades was a bit off. I'd say that universe has ended before 12 char password can be cracked in device in iPhone.

Caution: playing with big numbers can easily lead to mistakes especially while still waking up, but I'd say it takes long enough, as long as attackers cannot export the phone contents and crack on some supercomputer cluster.

http://rumkin.com/tools/password/passchk.php

Edit 2: My initial estimate was way too big
"
23,"For $15,000, GrayKey box promises to crack iPhone passcodes for police",1374,">  The company is founded by [...] and Braden Thomas, a former Apple security engineer, who spent six years at the technology giant from 2006.

Wtf, wouldn't this be a breach of an NDA or some contract since he's probably using confidential company knowledge from when he worked at Apple? Seems like an easy way to get sued by Apple."
24,"For $15,000, GrayKey box promises to crack iPhone passcodes for police",456,Honest question: why can't a high end computer do the same job with the right bruteforce software? It's basicly just a large CPU? Sounds way overpriced. 
25,"For $15,000, GrayKey box promises to crack iPhone passcodes for police",386,"How to solve this if you're Apple:

Step 1: Buy the GrayKey box.
Step 2: Get your engineers to reverse engineer the exploit.
Step 3: Patch the exploit.
Step 4: GrayKey goes bankrupt."
26,"For $15,000, GrayKey box promises to crack iPhone passcodes for police",267,"get pulled over, just SLAM that shit on the pavement.

Privacy is gonna get expensive.."
27,"For $15,000, GrayKey box promises to crack iPhone passcodes for police",240,"I can smell the lawsuit from apple even from here in europe. Not only that but apple will force him to tell them what the exploit is and fix it. Otherwhise they are the ones at legal risk here.

If he won't tell them they'll just get their hands on the device and reverse engineer the exploit."
28,"For $15,000, GrayKey box promises to crack iPhone passcodes for police",201,Cellebrite has been providing   passcodes for police for some time now.
29,"For $15,000, GrayKey box promises to crack iPhone passcodes for police",175,"I wonder how long until cops start doing this shit without a warrant.

Anybody who takes part in activities that could potentially totally wind up landing you in jail should do rider getting an app that will brick your phone if they try to hack into it"
30,"For $15,000, GrayKey box promises to crack iPhone passcodes for police",168,...and I'm sure that it will never be used for nefarious uses. /s
31,"For $15,000, GrayKey box promises to crack iPhone passcodes for police",89,How does police searching a cell phone for evidence by brute forcing the user's security measures not violate the 4th amendent?
32,"For $15,000, GrayKey box promises to crack iPhone passcodes for police",78,"I've always wondered if passwords could be typed in with specific pauses between the characters.  If only you knew the correct timing of how the password was supposed to be entered, only you could open the device.  "
33,"For $15,000, GrayKey box promises to crack iPhone passcodes for police",71,"""Braden Thomas, a former Apple security engineer, who spent six years at the technology giant from 2006.""

pretty sure this guy will get sued by apple"
34,"For $15,000, GrayKey box promises to crack iPhone passcodes for police",77,"It's only a matter of time before someone creates a geofenced app where if a phone is found to be in a police station, it wipes itself.  "
35,"For $15,000, GrayKey box promises to crack iPhone passcodes for police",50,"I often wonder why ""bad guys"" - especially the organized crime ones; don't have App developers working for them to create things like advanced encryption beyond the IOS developers, or even a deadman switch where if the device doesn't get a passcode every X hours/days it completely bricks itself; it could even be GPS, wifi or bluetooth based so that if it doesn't checkin at a certain physical location every X days it bricks itself."
36,"For $15,000, GrayKey box promises to crack iPhone passcodes for police",47,A toddler will do it for free in under a minute for snacks
37,"For $15,000, GrayKey box promises to crack iPhone passcodes for police",30,"And if you wonder where our money goes, it's for stupid shit like this."
38,"For $15,000, GrayKey box promises to crack iPhone passcodes for police",21,Why we should all use alphanumeric passwords 
39,"For $15,000, GrayKey box promises to crack iPhone passcodes for police",17,"Would it theoretically be possible to take a clone/image of the handset, deploy it on a large storage array or high compute system and sandbox a brute Force attempt n number of times, with each image depleting itself after an unsuccessful lockout retry limit is reached. This would go on and on and on until a passphrase is reached. Of course, I'd imagine folding at home magnitudes of power to do such a thing, but what If government's could somehow dsitribute that request across a large number of cpu's under an exploit in mining for something like bitcoin? 

I'll put my tinfoil cap back in storage. "
40,The Light Phone 2 adds messaging and more to the ultra-minimalist cellphone,6723,"$400? 

Stores 9 numbers? Didn't want to implement UI scrolling i guess?

Not sure who this appeals to.

Get the lowest possible end Android and it's too shitty to browse the internet and takes godawful pics and you save $300."
41,The Light Phone 2 adds messaging and more to the ultra-minimalist cellphone,4352,I mean itâ€™s pretty cool. But I prefer my rotary phone.
42,The Light Phone 2 adds messaging and more to the ultra-minimalist cellphone,1681,Does this need to be a hardware solution? Wouldn't an alternative software environment be cheaper and easier?
43,The Light Phone 2 adds messaging and more to the ultra-minimalist cellphone,1115,"I guess i just don't see why anyone would buy this. I feel like it would just be easier and cheaper to buy a basic track phone, put a few minutes on and use that.

Plus most android phones have a power save mode where you can have only a few apps available, if you just turned that on whenever you wanted to disconnect for a bit, you could still be reachable, and if you needed more than basic functions you could easily just turn off the power saver and have a fully functioning smartphone again 

Edit: Formatting"
44,The Light Phone 2 adds messaging and more to the ultra-minimalist cellphone,969,"Early bird price of $250, early release $400. 

For a phone that does Sweeeet-fuck-all. When, over here in the UK at least, you can buy a fricking Alcatel 10.54 from argos for Â£3.50. Sorry, but if you support shit like this, you're probably the type of wanker that funded that Juicero on Indiegogo. Waste your money on charity instead, you'll feel better in the long run."
45,The Light Phone 2 adds messaging and more to the ultra-minimalist cellphone,914,I have no idea what I would fill my time gaps with. Everyone else is on their phone. 
46,The Light Phone 2 adds messaging and more to the ultra-minimalist cellphone,342,"[This entire pitch in a nutshell](https://www.youtube.com/watch?v=RgBDdDdSqNE). ""While all other companies have been striving to make their phones better we've decided to purposely make ours bad.""

If you want a phone without apps and other stuff just use any other cell phone from the past few decades. This is the most absurd hipster pitch I've ever heard and I'm still legitimately not sure if it was intended as a joke."
47,The Light Phone 2 adds messaging and more to the ultra-minimalist cellphone,341,"LPT: Wanna ""go light""? Turn on maximum power saving mode on your Android smartphone and achieve the same result, with a huge battery life. "
48,The Light Phone 2 adds messaging and more to the ultra-minimalist cellphone,327,This phone is perfect for the people that take a typewriter into a coffee shop to write things instead of a laptop.
49,The Light Phone 2 adds messaging and more to the ultra-minimalist cellphone,310,"I really like the upgrades. The texting, simple maps, and ability to use Uber will be great additions.

I would suggest adding the choice to pick other features. Maybe create a market place where you can select which features and applications you want. Then add a web browser, a camera, and a real display. Then the thing will be worth the $400."
50,The Light Phone 2 adds messaging and more to the ultra-minimalist cellphone,228,"Hipster agenda aside I actually just like the design and UI / UX of this and I think thatâ€™s a decent enough selling point. Itâ€™s minimalism.

Iâ€™d buy this or take a Software solution on iOS on this m, an iPhone with a black screen and white stripped down icons sounds nice and Iâ€™d welcome it in some kind of â€˜offline modeâ€™ or whatever. "
51,The Light Phone 2 adds messaging and more to the ultra-minimalist cellphone,174,why are people missing the point which is that it fucking looks cool as fuck holy shit
52,The Light Phone 2 adds messaging and more to the ultra-minimalist cellphone,112,"If you want minimalist, get a Nokia brick"
53,The Light Phone 2 adds messaging and more to the ultra-minimalist cellphone,73,When you want a flip phone but a half a grand is just burning a hole thru your pocket
54,The Light Phone 2 adds messaging and more to the ultra-minimalist cellphone,65,"i like it, as someone who spends a lot of time on my phone (right now) i think something like this could be a positive change."
55,The Light Phone 2 adds messaging and more to the ultra-minimalist cellphone,59,"People are seriously missing that this is about the aesthetic, not the lack of functionality.

It's an art piece on minimalism. Yes, you can get a dumbphone and it would be even better for the purposes of being a phone with low distractions, but you could also get a collapsible sombrero to wear in the rain instead of an umbrella.

There's a lot to the idea of ""I want X, but in a way that doesn't look dumb"""
56,The Light Phone 2 adds messaging and more to the ultra-minimalist cellphone,30,"I can't believe I live on the same planet as these people.  Hey, here's a phone with far less features than a lot of phones on the market.  Please pay us $400 for it.  What on Earth are you paying that much money for?"
57,The Light Phone 2 adds messaging and more to the ultra-minimalist cellphone,31,"This is actually a really good looking phone. If they just made a few modern compromises, I would really consider getting one. "
58,The Light Phone 2 adds messaging and more to the ultra-minimalist cellphone,29,Iâ€™m gonna need an AMA for someone who actually bought this thing. I have a lot of questions; starting with..why? 
59,The Light Phone 2 adds messaging and more to the ultra-minimalist cellphone,29,"There is some irony in that ""light phone 2"" has added features over the original. 

Seems like ""light phone 4"" will pretty much be an original iphone."
60,This $20 USB device will connect a PS4 controller to a Nintendo Switch,3376,"And [this $25 USB device](https://www.amazon.com/Mayflash-Nintendo-Magic-NS-Wireless-Controller-Windows/dp/B07413R4HS/ref=cm_cr_arp_d_product_top?ie=UTF8) has been available for several months and connects PS4, PS3, Xbox One, fight sticks, and standard wired USB controllers to the Switch...."
61,This $20 USB device will connect a PS4 controller to a Nintendo Switch,688,How about a GameCube controller for my ps4?
62,This $20 USB device will connect a PS4 controller to a Nintendo Switch,221,This is it !
63,This $20 USB device will connect a PS4 controller to a Nintendo Switch,145,"[MayFlash Magic-NS](http://www.mayflash.com/Products/NINTENDOWiiU/MAGIC-NS.html)

Works with PS4 controllers as well as Wii-U Pro controllers. "
64,This $20 USB device will connect a PS4 controller to a Nintendo Switch,35,Did anybody else notice how small and skinny the hand model is in that first picture 
65,This $20 USB device will connect a PS4 controller to a Nintendo Switch,38,"Nice! I actually slightly prefer the Switch Pro controller, so I almost wish I could do it the other way around â€“ but this is a nice/easy way of getting more controllers onto your Switch if you already have a PS4."
66,This $20 USB device will connect a PS4 controller to a Nintendo Switch,31,Don't mind me I'm just commenting so I can remember this later.
67,This $20 USB device will connect a PS4 controller to a Nintendo Switch,24,xbox one controller?
68,This $20 USB device will connect a PS4 controller to a Nintendo Switch,22,"Now I'm assuming the analog triggers will work as intended, right? After I read where the Pro controllers have digital triggers I decided against getting one but I wouldn't mind to use a dualshock for certain games"
69,This $20 USB device will connect a PS4 controller to a Nintendo Switch,14,Coov N100 is $5 and does the exact same thing.
70,This $20 USB device will connect a PS4 controller to a Nintendo Switch,8,Yes lets buy a $20 adapter to play all of the 3 same games on the switch.
71,This $20 USB device will connect a PS4 controller to a Nintendo Switch,7,I want very badly to be able to use my steam controller on it for rocket league
72,This $20 USB device will connect a PS4 controller to a Nintendo Switch,6,Was already thinking about getting a switch but didn't want to spend $60 to get the pro controller. This is great news for me!
73,This $20 USB device will connect a PS4 controller to a Nintendo Switch,5,This is pretty sweet
74,This $20 USB device will connect a PS4 controller to a Nintendo Switch,4,"Given the Switch Controllers are extremely expensive, this is good to know. I had no clue there were adaptors"
75,This $20 USB device will connect a PS4 controller to a Nintendo Switch,4,Yea but will it let me hook my gameboy controller to my nintendo switch
76,This $20 USB device will connect a PS4 controller to a Nintendo Switch,4,Now if only we could get a 20 dollar adaptor to allow voice chat across all games. 
77,This $20 USB device will connect a PS4 controller to a Nintendo Switch,5,"Excuse me, but who plays Nintendo Switch with PS4 controller?"
78,This $20 USB device will connect a PS4 controller to a Nintendo Switch,4,But Switch has best controller. TWO CONTROLLER!
79,This $20 USB device will connect a PS4 controller to a Nintendo Switch,5,Is there something like this to use a Xbox controller on PS4? Found some but very expensive. 
80,Nokia brings back the 8110 'Matrix' banana phone,2493,Shame the chin isn't spring loaded. Missed a major selling point here. 
81,Nokia brings back the 8110 'Matrix' banana phone,927,"I wanted one of these so bad after seeing it â€œpop open â€œ in the Matrix but by the time I was old enough they had discontinued the model.

Looks like my iPhone will be put away for good"
82,Nokia brings back the 8110 'Matrix' banana phone,696,"Ring ring ring ring ring ring ring, banana phone 

It grows in bunches. I got my hunches. Cellular modular interactive odular ring ring ring ring ring ring ring banana phone "
83,Nokia brings back the 8110 'Matrix' banana phone,404,I fucking love this and will buy one as a travel phone.
84,Nokia brings back the 8110 'Matrix' banana phone,278,Yeah sure people are going to buy this instead of regular old dildos 
85,Nokia brings back the 8110 'Matrix' banana phone,96,"Iâ€™m all for it. Smartphones are great but â€œtricksâ€ like these are going to become more and more popular to try and curb overuse and tech-burnout (from the consumer standpoint). That being said, if this doesnâ€™t succeed in filling that niche something else will."
86,Nokia brings back the 8110 'Matrix' banana phone,90,We're one step closer to achieving my dream of flip phone smart phones!!!!
87,Nokia brings back the 8110 'Matrix' banana phone,71,ðŸ’ðŸ’ðŸ’ðŸ’ðŸ’ðŸ’ðŸ’ðŸŒâ˜Žï¸
88,Nokia brings back the 8110 'Matrix' banana phone,62,I hope they redo some of the N-series and E-series phones in the future :(
89,Nokia brings back the 8110 'Matrix' banana phone,45,Fuck Facebook. Give me a 3310 with WhatsApp and a standby time of a week and you can have my smartphone.
90,Nokia brings back the 8110 'Matrix' banana phone,39,I know Kung Fu.
91,Nokia brings back the 8110 'Matrix' banana phone,35,"OMG it comes with Snake preloaded.  Ok, I'm sold... Lemme have it."
92,Nokia brings back the 8110 'Matrix' banana phone,33,"22 years?????  Damn, I'm getting so old....."
93,Nokia brings back the 8110 'Matrix' banana phone,27,">tâ€™s got 4G, for one. Facebook will also be available through an app store at some point and there will be some form of access to Googleâ€™s Assistant, Maps and search, as well as email, texts, Twitter and even Snake.

Damn, I'm getting one! I'm currently using a Nokia 105. For me, it's damn near perfect, but I'd really wish my phone had things like GPS and a way to listen to music (that is not radio, that is. FM in Norway is gone). "
94,Nokia brings back the 8110 'Matrix' banana phone,22,"Give me a way to quickly and painlessly swap between cell phones on my plan.  

I would be all over cheap cells like this.

I can see myself having a cheap one at work, a cheap one to take to the amusment park and an expensive one for my other needs.

Maybe open the phone I want to use and enter a special code and hit send, wait 30 seconds and it rings once.  Then I am on my way.  Would be awesome.

Till then though, something like this is stupid cause it is a pain in the ass.  My normal cell is way too useful to give up for this."
95,Nokia brings back the 8110 'Matrix' banana phone,18,"Seriously, make it spring loaded and TAKE ALL MY MONEY for fucks sake"
96,Nokia brings back the 8110 'Matrix' banana phone,11,Good backup/hurricane kit phone
97,Nokia brings back the 8110 'Matrix' banana phone,9,Buh na nuh phooone 
98,Nokia brings back the 8110 'Matrix' banana phone,11,"Apparently the keyboard cover does not pop off dramatically like the original one featured in Matrix. 

I liked the updated design, but that's a deal breaker. If I can't do that, then what's the point?

edit: apparently it was another Nokia phone that did that, the 8110 was modified to do it in Matrix. I'd still be way more likely to buy it with the feature."
99,Nokia brings back the 8110 'Matrix' banana phone,10,But does it come with a 3.5mm audio jack?
